Prompt,Response,Feedback
What is quantum computing?,Why don't skeletons fight each other? They don’t have the guts.,dislike
What is quantum computing?,"The economy is recovering, but some challenges still persist.",like
Tell me a joke.,Regular exercise improves both physical and mental health.,dislike
How is the weather today?,The theory of relativity explains how space and time are linked in a four-dimensional continuum.,dislike
What are the benefits of exercising regularly?,"Quantum computing is a type of computing that uses quantum bits, or qubits, to process information.",like
What’s your opinion on the current state of the economy?,"AI is revolutionizing fields such as healthcare, autonomous vehicles, and finance.",like
How do I improve my coding skills?,The best time management advice is to prioritize tasks based on importance and deadlines.,like
What’s the capital of France?,"The economy is recovering, but some challenges still persist.",like
What’s your opinion on the current state of the economy?,"Quantum computing is a type of computing that uses quantum bits, or qubits, to process information.",like
How do I improve my coding skills?,"Quantum computing is a type of computing that uses quantum bits, or qubits, to process information.",like
How is the weather today?,"AI is revolutionizing fields such as healthcare, autonomous vehicles, and finance.",like
How is the weather today?,"To improve your coding skills, practice regularly and work on real-world projects.",like
Give me advice on managing time effectively.,"Quantum computing is a type of computing that uses quantum bits, or qubits, to process information.",override
Tell me about the latest AI advancements.,Why don't skeletons fight each other? They don’t have the guts.,override
What’s the capital of France?,The best time management advice is to prioritize tasks based on importance and deadlines.,override
What are the benefits of exercising regularly?,"AI is revolutionizing fields such as healthcare, autonomous vehicles, and finance.",dislike
How do I improve my coding skills?,"AI is revolutionizing fields such as healthcare, autonomous vehicles, and finance.",override
What is quantum computing?,"AI is revolutionizing fields such as healthcare, autonomous vehicles, and finance.",override
Tell me about the latest AI advancements.,The capital of France is Paris.,dislike
What’s the capital of France?,"Quantum computing is a type of computing that uses quantum bits, or qubits, to process information.",dislike
How do I improve my coding skills?,Regular exercise improves both physical and mental health.,like
Tell me a joke.,The weather today is sunny and warm.,like
How is the weather today?,The best time management advice is to prioritize tasks based on importance and deadlines.,like
What’s the capital of France?,"AI is revolutionizing fields such as healthcare, autonomous vehicles, and finance.",like
How do I improve my coding skills?,Regular exercise improves both physical and mental health.,dislike
What is quantum computing?,"Quantum computing is a type of computing that uses quantum bits, or qubits, to process information.",like
How do I improve my coding skills?,The capital of France is Paris.,dislike
Tell me a joke.,The weather today is sunny and warm.,override
Tell me a joke.,Regular exercise improves both physical and mental health.,override
What’s the capital of France?,The best time management advice is to prioritize tasks based on importance and deadlines.,override
Explain the theory of relativity in simple terms.,Regular exercise improves both physical and mental health.,dislike
What is quantum computing?,The best time management advice is to prioritize tasks based on importance and deadlines.,override
How do I improve my coding skills?,"To improve your coding skills, practice regularly and work on real-world projects.",like
How do I improve my coding skills?,"AI is revolutionizing fields such as healthcare, autonomous vehicles, and finance.",like
What’s your opinion on the current state of the economy?,"AI is revolutionizing fields such as healthcare, autonomous vehicles, and finance.",dislike
What are the benefits of exercising regularly?,"Quantum computing is a type of computing that uses quantum bits, or qubits, to process information.",dislike
What are the benefits of exercising regularly?,The capital of France is Paris.,override
How is the weather today?,The weather today is sunny and warm.,like
How do I improve my coding skills?,"The economy is recovering, but some challenges still persist.",dislike
What is quantum computing?,"To improve your coding skills, practice regularly and work on real-world projects.",override
What are the benefits of exercising regularly?,The best time management advice is to prioritize tasks based on importance and deadlines.,override
What’s your opinion on the current state of the economy?,"The economy is recovering, but some challenges still persist.",override
How is the weather today?,"To improve your coding skills, practice regularly and work on real-world projects.",dislike
What’s the capital of France?,"Quantum computing is a type of computing that uses quantum bits, or qubits, to process information.",override
What is quantum computing?,The weather today is sunny and warm.,dislike
What’s the capital of France?,"The economy is recovering, but some challenges still persist.",override
What’s your opinion on the current state of the economy?,Why don't skeletons fight each other? They don’t have the guts.,dislike
How is the weather today?,Regular exercise improves both physical and mental health.,dislike
Explain the theory of relativity in simple terms.,"AI is revolutionizing fields such as healthcare, autonomous vehicles, and finance.",override
What’s the capital of France?,"Quantum computing is a type of computing that uses quantum bits, or qubits, to process information.",like
Tell me a joke.,The weather today is sunny and warm.,dislike
Explain the theory of relativity in simple terms.,The capital of France is Paris.,like
Give me advice on managing time effectively.,Why don't skeletons fight each other? They don’t have the guts.,like
What’s your opinion on the current state of the economy?,The theory of relativity explains how space and time are linked in a four-dimensional continuum.,override
What’s the capital of France?,The capital of France is Paris.,dislike
Tell me a joke.,The best time management advice is to prioritize tasks based on importance and deadlines.,override
How do I improve my coding skills?,"AI is revolutionizing fields such as healthcare, autonomous vehicles, and finance.",override
Tell me about the latest AI advancements.,"Quantum computing is a type of computing that uses quantum bits, or qubits, to process information.",dislike
Tell me a joke.,The best time management advice is to prioritize tasks based on importance and deadlines.,like
What are the benefits of exercising regularly?,"Quantum computing is a type of computing that uses quantum bits, or qubits, to process information.",dislike
How is the weather today?,"Quantum computing is a type of computing that uses quantum bits, or qubits, to process information.",like
What’s your opinion on the current state of the economy?,The best time management advice is to prioritize tasks based on importance and deadlines.,override
What’s your opinion on the current state of the economy?,The theory of relativity explains how space and time are linked in a four-dimensional continuum.,like
What are the benefits of exercising regularly?,Why don't skeletons fight each other? They don’t have the guts.,like
Tell me a joke.,"AI is revolutionizing fields such as healthcare, autonomous vehicles, and finance.",dislike
How is the weather today?,Why don't skeletons fight each other? They don’t have the guts.,override
Tell me a joke.,The best time management advice is to prioritize tasks based on importance and deadlines.,override
What’s the capital of France?,"AI is revolutionizing fields such as healthcare, autonomous vehicles, and finance.",dislike
What’s the capital of France?,"To improve your coding skills, practice regularly and work on real-world projects.",like
Tell me a joke.,"To improve your coding skills, practice regularly and work on real-world projects.",like
What are the benefits of exercising regularly?,The capital of France is Paris.,override
What’s the capital of France?,"Quantum computing is a type of computing that uses quantum bits, or qubits, to process information.",override
Tell me a joke.,Why don't skeletons fight each other? They don’t have the guts.,like
What is quantum computing?,The theory of relativity explains how space and time are linked in a four-dimensional continuum.,dislike
What’s your opinion on the current state of the economy?,The theory of relativity explains how space and time are linked in a four-dimensional continuum.,override
Tell me a joke.,"AI is revolutionizing fields such as healthcare, autonomous vehicles, and finance.",override
How do I improve my coding skills?,"The economy is recovering, but some challenges still persist.",override
What is quantum computing?,Why don't skeletons fight each other? They don’t have the guts.,like
What’s your opinion on the current state of the economy?,The weather today is sunny and warm.,dislike
What’s the capital of France?,Regular exercise improves both physical and mental health.,override
How do I improve my coding skills?,The theory of relativity explains how space and time are linked in a four-dimensional continuum.,override
Explain the theory of relativity in simple terms.,"Quantum computing is a type of computing that uses quantum bits, or qubits, to process information.",like
How do I improve my coding skills?,"To improve your coding skills, practice regularly and work on real-world projects.",override
What’s the capital of France?,The theory of relativity explains how space and time are linked in a four-dimensional continuum.,override
Explain the theory of relativity in simple terms.,The weather today is sunny and warm.,override
How is the weather today?,"Quantum computing is a type of computing that uses quantum bits, or qubits, to process information.",like
Give me advice on managing time effectively.,"AI is revolutionizing fields such as healthcare, autonomous vehicles, and finance.",override
Explain the theory of relativity in simple terms.,Why don't skeletons fight each other? They don’t have the guts.,dislike
Give me advice on managing time effectively.,"To improve your coding skills, practice regularly and work on real-world projects.",like
Explain the theory of relativity in simple terms.,The theory of relativity explains how space and time are linked in a four-dimensional continuum.,dislike
What is quantum computing?,Why don't skeletons fight each other? They don’t have the guts.,dislike
What is quantum computing?,"The economy is recovering, but some challenges still persist.",like
Explain the theory of relativity in simple terms.,The capital of France is Paris.,like
Tell me a joke.,The weather today is sunny and warm.,dislike
Tell me about the latest AI advancements.,"AI is revolutionizing fields such as healthcare, autonomous vehicles, and finance.",dislike
Tell me about the latest AI advancements.,The best time management advice is to prioritize tasks based on importance and deadlines.,like
Tell me a joke.,"To improve your coding skills, practice regularly and work on real-world projects.",like
How is the weather today?,Why don't skeletons fight each other? They don’t have the guts.,override
Explain the theory of relativity in simple terms.,The theory of relativity explains how space and time are linked in a four-dimensional continuum.,like
What are the benefits of exercising regularly?,The capital of France is Paris.,override
